"","x"
"1","Responseid"
"2","hGroup"
"3","WEIGHT"
"4","TerminalwSWF"
"5","Language"
"6","TOTAL"
"7","AIRPORT"
"8","NYCAirports"
"9","TERMINAL"
"10","LGATCAndTD"
"11","CONCOURSE"
"12","CONCOURSECOMBO"
"13","Gate"
"14","Airline"
"15","AirlineCombos"
"16","RegionalJet"
"17","DeltaAirlinePassnegers"
"18","Delta_KLMAirlinePassengers"
"19","USAirwaysPassengers"
"20","AirportNovice"
"21","TerminalNovice"
"22","FlightType"
"23","IntlDestinationCountry"
"24","IntlDestinationCountryRvsd"
"25","PASSTYPE"
"26","ConnectorType"
"27","ConnectingFlightType"
"28","OriginBeforeConnecting"
"29","RecheckedBaggage"
"30","CheckinLocation"
"31","CheckinLocationCombo"
"32","WentThruSecCheckatArprt"
"33","DepCheckinWaittime"
"34","DepCheckinWaittimeCombo"
"35","DepCheckinMeanWaittime"
"36","SecurityScreeningTime"
"37","SecurityScreeningTimeCombo"
"38","SecSrceengMeanTime"
"39","VisitedAnotherConcourse"
"40","IntrvwAtGateOrNearFB"
"41","BoughtFB"
"42","BoughtFBPre"
"43","BoughtFBPost"
"44","Q4g1_3"
"45","FBDollarsSpent"
"46","AdjSpendFBSegments"
"47","AdjFBDollarsSpent"
"48","ImpromptuFBPurchase"
"49","PlannedFBPurchase"
"50","BoughtFBToTakeAboard"
"51","AteDrankAtGate"
"52","AteDrankAtRest_Bar"
"53","AteDrankAtFoodCourt"
"54","AteDrankOther"
"55","DontRecallWhereAteDrank"
"56","UsedSeenLGACTBCntrFoodCrt"
"57","UsedSeenLGACTBWestFoodCrt"
"58","BoughtRTL"
"59","BoughtRTLPre"
"60","BoughtRTLPost"
"61","RTLDollarsSpent"
"62","AdjSpendRTLSegments"
"63","AdjRTLDollarsSpent"
"64","Q4h1_3"
"65","ImpromptuRTLPurchase"
"66","PlannedRTLPurchase"
"67","BoughtRTLThatForgottoPack"
"68","ImpromptuRTLPurchase2"
"69","PlannedRTLPurchase2"
"70","BoughtRTLThatForgottoPack2"
"71","BoughtAtConces"
"72","BoughtAtPreConces"
"73","BoughtAtPostConces"
"74","ItemMissedWhileShopping"
"75","StoreMissedWhileShopping"
"76","Q9j"
"77","Q9k"
"78","AdvSeen"
"79","AdvSeenRvsd"
"80","Map_DisplayOfConcessions"
"81","ConcessionsBrochures"
"82","Wall_BillboardAdvertising"
"83","Hanging_FloorSigns"
"84","NoAdvertisingSeen"
"85","VisitedFirst"
"86","VisitedSecond"
"87","VisitedThird"
"88","VisitedFourth"
"89","VisitedFifth"
"90","VisitedSixth"
"91","Q9s7_1"
"92","Q9s7_2"
"93","Q9s7_3"
"94","Q9s7_4"
"95","Q9s7_5"
"96","VisitedRestroom"
"97","VisitedRRDetail"
"98","Q22a1_1"
"99","Q22a1_2"
"100","Q22a1_3"
"101","Q22a2_1"
"102","Q22a2_2"
"103","Q22a2_3"
"104","Q22a3_1"
"105","Q22a3_2"
"106","Q22a3_3"
"107","AskedForAssistance"
"108","AnyoneAskForAssistanceRVSD"
"109","AskedForWheelchairAssist"
"110","AskedForGolfCartAssist"
"111","AskedForOtherAssist"
"112","AskedEmployeeForDir"
"113","WhichEmployeeWasAsked"
"114","PreCheck_RegistTravAwareness"
"115","GlobalUSEntryAwareness"
"116","PreCheck_RegistTravMember"
"117","GlobalUSEntryMember"
"118","PreCheckRegTrav_USEntryNonmember"
"119","ConnectorLayoverSegs"
"120","AirportDwellTimeDepartOD"
"121","AirportDwellTimeALL"
"122","ConnectorsLayover"
"123","PostSecDwellTimeOD"
"124","PostSecDwellTimeALL"
"125","ODTravelTimeToAirport"
"126","BagsCheckedSinglePass"
"127","BagsChecked2PlusPass"
"128","BagsCheckedIncidence"
"129","BagsCheckedDetail"
"130","BagsNOTChecked"
"131","TotalBagsChecked"
"132","TotalBagsCheckedExcl0"
"133","PartySize"
"134","PartySizeSeg3"
"135","PartySizeSeg2"
"136","KidsInParty"
"137","Wellwisher"
"138","NumWellwishers"
"139","NumChildren"
"140","NumChildrenMean"
"141","LGATrips"
"142","JFKTrips"
"143","EWRTrips"
"144","SWFTrips"
"145","ABYTrips"
"146","HPNTrips"
"147","BDLTrips"
"148","OTHRTrips"
"149","GENDER"
"150","Q35"
"151","Age"
"152","AgeGROUPS"
"153","AgeSegments4"
"154","AgeSegments3"
"155","AgeSegments2"
"156","HHIncomeWithNA"
"157","HHIncome"
"158","HHIncomeCOMP"
"159","HHIncomeMEAN"
"160","TripPurpose"
"161","PURPOSE"
"162","TripOriginOD"
"163","TripOriginLocationOD"
"164","TripOriginLocationODSegments"
"165","TOManhattan"
"166","TONYC"
"167","TONY"
"168","TONJ"
"169","TOCT"
"170","TOPA"
"171","TOOtherUS"
"172","TOHomePrimaryResidence"
"173","TOTotalUS"
"174","USStateTripOriginOD"
"175","DomINTLTripOriginOD"
"176","DomINTLTripOriginODRvsd"
"177","NYCTripOriginODOrig"
"178","OtherNYTripOriginODOrig"
"179","TOCityTown"
"180","TripOriginLocationODPrimaryHome"
"181","TripOriginLocationODwNA"
"182","JustVisiting"
"183","NightsVisited"
"184","NightsAway"
"185","USvsIntlPrimaryResidence"
"186","ResidentialCountry"
"187","ResidentialRegionFNL"
"188","PrimaryResidentialLocation"
"189","PrimaryResidentialLocationFNL"
"190","ResManhattan"
"191","ResNYC"
"192","ResState"
"193","ResNY"
"194","ResNJ"
"195","ResCT"
"196","ResPA"
"197","ResOtherUS"
"198","ResOutsideUS"
"199","ResTotalUS"
"200","ResCityTown"
"201","UsedMobileAppAtAirport"
"202","MobileAppOperatingSystem"
"203","Q9m_1"
"204","UsedFlySmart"
"205","UsedION"
"206","UsedGateGuru"
"207","UsedAA"
"208","UsedBA"
"209","UsedFlightAware"
"210","UsedFlightTrack"
"211","UsedFlyDelta_Delta"
"212","UsedGoogle"
"213","UsedjetBlue"
"214","UsedKayak"
"215","UsedLufthansa"
"216","UsedSouthWest"
"217","UsedTripCase"
"218","UsedTripIt"
"219","UsedUnitedAir"
"220","UsedOtherApp"
"221","DontRecallAppUsed"
"222","GotParkingInfo"
"223","GotFlitghtSchdInfo"
"224","GotBagClaimInfo"
"225","GotFBRTLLocationInfo"
"226","GotFBRTLCoupon"
"227","GotBaggageFees"
"228","GotChargingStations"
"229","GotCheckinInfo"
"230","GotElevEscalLoc"
"231","GotEstWaitTime"
"232","GotFoodBevMenus"
"233","GotFlightsAirlineLoc"
"234","GotGatesLoc"
"235","GotInternetWiFiAvail"
"236","GotLoungePriorityClubLoc"
"237","GotTerminalMap"
"238","GotRestroomLoc"
"239","GotTerminalInfo"
"240","GotTicketInfo"
"241","GotTrafficInfo"
"242","GotTransportInfo"
"243","GotWeatherInfo"
"244","GotOtherArptInfo"
"245","GotNoneNothing"
"246","DKInfoObtained"
"247","WantParkingInfo"
"248","WantFlitghtSchdInfo"
"249","WantBagClaimInfo"
"250","WantFBRTLLocationInfo"
"251","WantFBRTLCoupon"
"252","WantBaggageFees"
"253","WantChargingStations"
"254","WantCheckinInfo"
"255","WantElevEscalLoc"
"256","WantEstWaitTime"
"257","WantFoodBevMenus"
"258","WantFlightsAirlineLoc"
"259","WantGatesLoc"
"260","WantInternetWiFiAvail"
"261","WantLoungePriorityClubLoc"
"262","WantTerminalMap"
"263","WantRestroomLoc"
"264","WantTerminalInfo"
"265","WantTicketInfo"
"266","WantTrafficInfo"
"267","WantTransportInfo"
"268","WantWeatherInfo"
"269","WantOtherArptInfo"
"270","WantNoneNothing"
"271","DKWhatsWanted"
"272","S6_Sunny"
"273","S6_Dry"
"274","S6_Wet"
"275","DESTINATION"
"276","MainMode"
"277","MainModalAccessRVSD"
"278","MMDKNARef"
"279","MMPersonalCar"
"280","MMRentalCar"
"281","MMTaxi"
"282","MMLimoTownCar"
"283","MMAirTrainPlusMT"
"284","MMSharedRideVan"
"285","MMSharedRideVanAirportBus"
"286","MMBus"
"287","MMAirportBus"
"288","MMPublicCityBus"
"289","MMAirportCharterTourBus"
"290","MMHotelMotelShuttle"
"291","MMOffAirportPrkg"
"292","MMPersCarDroppedOff"
"293","MMParkedOnAirport"
"294","OnAirportLTPrkgBus"
"295","OnAirportTermAccessBus"
"296","Q6a"
"297","AirTrainBoardingStation"
"298","AirTrainTotalRiders"
"299","AirTrainRevNonRevRiders"
"300","LGAPaxLikelihoodofBusUsage"
"301","LGABusStopABPreference"
"302","LGABusStopAImpactOnInterest"
"303","LGAExpressBusLaneImpactOnInterest"
"304","LGANewExpresBusLineImpactOnInterest"
"305","Q3b_1"
"306","Q3b_2"
"307","Q3b_3"
"308","Q3b_4"
"309","Q3b_5"
"310","Q3b_6"
"311","Q3b_7"
"312","Q3b_8"
"313","Q3b_9"
"314","Q3b_10"
"315","Q3b_11"
"316","Q3b_12"
"317","Q3bNJTAmtrakEWRAirTrain"
"318","Q3bLIRRJFKAirTrain"
"319","Q3b_15"
"320","Q3b_16"
"321","Q3bNYCSubwayA"
"322","Q3bNYCSubwayE"
"323","Q3bNYCSubwayJ"
"324","Q3bNYCSubwayZ"
"325","Q3bNYCSubwayOther"
"326","Q3b_22"
"327","Q3b_23"
"328","Q3b_24"
"329","Q3b_25"
"330","Q3b_26"
"331","Q3b_27"
"332","Q3b_28"
"333","Q3b_29"
"334","Q3b_30"
"335","Q3b_31"
"336","Q3b_32"
"337","Q3b_33"
"338","Q3b_34"
"339","Q3b_35"
"340","Q3b_36"
"341","Q3b_37"
"342","Q3bJFKAirTrain"
"343","Q3bEWRAirTrain"
"344","Q3b_40"
"345","Q3b_41"
"346","Q3b_42"
"347","Q3b_43"
"348","Q3b_44"
"349","Q3b_45"
"350","Q3b_46"
"351","Q3b_47"
"352","Q3b_48"
"353","Q3b_49"
"354","Q3b_50"
"355","Q3b_51"
"356","Q3b_52"
"357","Q3b_53"
"358","Q3b_54"
"359","Q3b_55"
"360","Q3b_56"
"361","Q3b_57"
"362","Q3b_58"
"363","Q3b_59"
"364","Q3b_60"
"365","Q3b_61"
"366","Q3b_62"
"367","Q3b_63"
"368","Q3b_64"
"369","Q3b_65"
"370","Q3b_67"
"371","Q3b_68"
"372","Q3b_71"
"373","Q3b_72"
"374","Q3b_73"
"375","Q3b_74"
"376","Q3b_75"
"377","Q3b_80"
"378","Q3b_81"
"379","Q3b_82"
"380","Q3b_83"
"381","Q3b_84"
"382","Q3b_95"
"383","Q3b_99"
"384","Q3b_85"
"385","FBNAtoALLWithinSection"
"386","RTLNAtoALLWithinSection"
"387","FBOVERALLFS"
"388","RTLOVERALLFS"
"389","HighwayTrafficFS"
"390","SignsDirectionsFS"
"391","AirportTrafficFS"
"392","AirportRdCondFS"
"393","RentalCarFS"
"394","HMShtlFS"
"395","OffArprtFS"
"396","TaxiFS"
"397","LimoFS"
"398","ArptCharteredBusFS"
"399","SharedRideVanFS"
"400","OnArprtBusFS"
"401","PublicBusFS"
"402","PrkgExperFS"
"403","EaseOfDropOffFS"
"404","CleanCondDropOffFS"
"405","AttractvGroundsFS"
"406","GETTNGtoTERMINALFS"
"407","ConnectgSignsDirFS"
"408","AirlineStaffAsstFS"
"409","DisttoConnectGateFS"
"410","GETGTONGATEOVRFS"
"411","FindingCheckinFS"
"412","CheckinEaseofUseFS"
"413","CheckinWaittimeFS"
"414","CheckinStaffCourtHelpFS"
"415","CheckinStaffAppearFS"
"416","CheckinAreaCondCleanFS"
"417","CHECKINOVRFS"
"418","FindingSecurityChkFS"
"419","WaittimetoSecChkFS"
"420","TSAStaffCourtesyFS"
"421","TSAStaffAppearProfFS"
"422","SecChkCondCleanFS"
"423","SecChkComfortDesignFS"
"424","SecChkSafetyFS"
"425","SECCHKOVRFS"
"426","TermnlSignsDirFS"
"427","CorrWalkwLightingFS"
"428","RestroomCondCleanFS"
"429","TermnlBldgCondCleanFS"
"430","TermPersSafetyFS"
"431","FIDSAvailClarityFS"
"432","AirportStaffCourtHelpFS"
"433","GettingCashATMFS"
"434","TERMFACLOVRLFS"
"435","FBQualityFS"
"436","FBVarietyFS"
"437","FBPreSecAvailFS"
"438","FBPostSecAvailFS"
"439","FBPriceFS"
"440","FBStaffCourtesyFS"
"441","FBStaffAppearanceFS"
"442","FBServiceSpeedFS"
"443","FBAreaCondCleanFS"
"444","FBOVERALLFSRVSD"
"445","RTLQualityFS"
"446","RTLVarietyFS"
"447","RTLPreSecAvailFS"
"448","RTLPostSecAvailFS"
"449","RTLPriceFS"
"450","RTLStaffCourtesyFS"
"451","RTLStaffAppearanceFS"
"452","RTLServiceSpeedFS"
"453","RTLAreaCondCleanFS"
"454","DFAOfferingsFS"
"455","RTLOVERALLFSRVSD"
"456","FindingGateFS"
"457","GateCondCleanFS"
"458","GateComfortSeatingFS"
"459","GateSeatingLightingFS"
"460","GateAirlineStaffCourtFS"
"461","GateAirlineStaffAppearFS"
"462","GateConcessionOffergFS"
"463","GATEOVERALLFS"
"464","OVERALLEXPERIENCEFS"
"465","CorridorsConditionCleanlinessFS"
"466","MovingWWEscElevCondCleanFS"
"467","AvailClarityTerminalMapsDisplayFS"
"468","TemperatureComfortOfACFS"
"469","TimelyClarityGateFltAnnouncemntsFS"
"470","RestroomAvailabilitySizeFS"
"471","SkycapAvailFS"
"472","LuggageCartAvailFS"
"473","SpecialAssistanceOVRRtgFS"
"474","AirportEmployeeAttentivenessFS"
"475","AirportEmployeeInfoAccuracyFS"
"476","AirportEmployeeICourtesyFS"
"477","AirTrainODFS"
"478","AirTrainOVRBEndFS"
"479","AllAirTrainRiderRatingFS"
"480","FindingBagRecheckLocationFS"
"481","TerminalToTerminalTransitFS"
"482","MobileAppFBRTLLocSatFS"
"483","MobileAppFBRTLCoupPromoSatFS"
"484","RECOMMENDAIRPORTFS"
"485","Q5a12_net1_9"
"486","Q5a12_1"
"487","Q5a12_2"
"488","Q5a12_3"
"489","Q5a12_4"
"490","Q5a12_5"
"491","Q5a12_subnet6_7"
"492","Q5a12_6"
"493","Q5a12_7"
"494","Q5a12_subnet8_9"
"495","Q5a12_8"
"496","Q5a12_9"
"497","Q5a12_net10_26"
"498","Q5a12_subnet10_12"
"499","Q5a12_10"
"500","Q5a12_11"
"501","Q5a12_12"
"502","Q5a12_subnet13_16"
"503","Q5a12_13"
"504","Q5a12_14"
"505","Q5a12_16"
"506","Q5a12_15"
"507","Q5a12_17"
"508","Q5a12_18"
"509","Q5a12_19"
"510","Q5a12_20"
"511","Q5a12_21"
"512","Q5a12_22"
"513","Q5a12_23"
"514","Q5a12_24"
"515","Q5a12_25"
"516","Q5a12_26"
"517","Q5a12_net27_51"
"518","Q5a12_subnet27_43"
"519","Q5a12_27"
"520","Q5a12_28"
"521","Q5a12_29"
"522","Q5a12_subsubnet30_38"
"523","Q5a12_30"
"524","Q5a12_31"
"525","Q5a12_32"
"526","Q5a12_33"
"527","Q5a12_34"
"528","Q5a12_35"
"529","Q5a12_36"
"530","Q5a12_37"
"531","Q5a12_240"
"532","Q5a12_38"
"533","Q5a12_subsubnet39_40"
"534","Q5a12_39"
"535","Q5a12_40"
"536","Q5a12_subsubnet41_43"
"537","Q5a12_41"
"538","Q5a12_42"
"539","Q5a12_43"
"540","Q5a12_subnet44_46"
"541","Q5a12_44"
"542","Q5a12_45"
"543","Q5a12_46"
"544","Q5a12_47"
"545","Q5a12_48"
"546","Q5a12_49"
"547","Q5a12_50"
"548","Q5a12_51"
"549","Q5a12_net52_117"
"550","Q5a12_52"
"551","Q5a12_53"
"552","Q5a12_54"
"553","Q5a12_55"
"554","Q5a12_56"
"555","Q5a12_57"
"556","Q5a12_58"
"557","Q5a12_59"
"558","Q5a12_60"
"559","Q5a12_61"
"560","Q5a12_62"
"561","Q5a12_115"
"562","Q5a12_107"
"563","Q5a12_241"
"564","Q5a12_63"
"565","Q5a12_64"
"566","Q5a12_65"
"567","Q5a12_66"
"568","Q5a12_67"
"569","Q5a12_242"
"570","Q5a12_232"
"571","Q5a12_68"
"572","Q5a12_69"
"573","Q5a12_248"
"574","Q5a12_70"
"575","Q5a12_71"
"576","Q5a12_subnet73_84"
"577","Q5a12_subsubnet73_84"
"578","Q5a12_73"
"579","Q5a12_74"
"580","Q5a12_72"
"581","Q5a12_75"
"582","Q5a12_76"
"583","Q5a12_77"
"584","Q5a12_78"
"585","Q5a12_79"
"586","Q5a12_80"
"587","Q5a12_81"
"588","Q5a12_82"
"589","Q5a12_83"
"590","Q5a12_84"
"591","Q5a12_85"
"592","Q5a12_subnet86_99"
"593","Q5a12_86"
"594","Q5a12_87"
"595","Q5a12_88"
"596","Q5a12_89"
"597","Q5a12_90"
"598","Q5a12_91"
"599","Q5a12_92"
"600","Q5a12_93"
"601","Q5a12_94"
"602","Q5a12_95"
"603","Q5a12_96"
"604","Q5a12_subsubnet97_99"
"605","Q5a12_97"
"606","Q5a12_98"
"607","Q5a12_99"
"608","Q5a12_subnet100_117"
"609","Q5a12_100"
"610","Q5a12_101"
"611","Q5a12_102"
"612","Q5a12_103"
"613","Q5a12_104"
"614","Q5a12_105"
"615","Q5a12_106"
"616","Q5a12_233"
"617","Q5a12_108"
"618","Q5a12_109"
"619","Q5a12_110"
"620","Q5a12_111"
"621","Q5a12_subsubnet112_113"
"622","Q5a12_112"
"623","Q5a12_113"
"624","Q5a12_subsubnet114_117"
"625","Q5a12_114"
"626","Q5a12_116"
"627","Q5a12_117"
"628","Q5a12_net118_139"
"629","Q5a12_subnet118_128"
"630","Q5a12_118"
"631","Q5a12_119"
"632","Q5a12_120"
"633","Q5a12_121"
"634","Q5a12_122"
"635","Q5a12_123"
"636","Q5a12_124"
"637","Q5a12_125"
"638","Q5a12_126"
"639","Q5a12_127"
"640","Q5a12_128"
"641","Q5a12_130"
"642","Q5a12_129"
"643","Q5a12_131"
"644","Q5a12_132"
"645","Q5a12_133"
"646","Q5a12_134"
"647","Q5a12_135"
"648","Q5a12_243"
"649","Q5a12_136"
"650","Q5a12_137"
"651","Q5a12_244"
"652","Q5a12_138"
"653","Q5a12_139"
"654","Q5a12_net140_148"
"655","Q5a12_subnet140_145"
"656","Q5a12_140"
"657","Q5a12_141"
"658","Q5a12_142"
"659","Q5a12_143"
"660","Q5a12_144"
"661","Q5a12_145"
"662","Q5a12_146"
"663","Q5a12_147"
"664","Q5a12_148"
"665","Q5a12_net149_153"
"666","Q5a12_149"
"667","Q5a12_234"
"668","Q5a12_150"
"669","Q5a12_151"
"670","Q5a12_152"
"671","Q5a12_153"
"672","Q5a12_net154_156"
"673","Q5a12_154"
"674","Q5a12_155"
"675","Q5a12_235"
"676","Q5a12_156"
"677","Q5a12_net157_171"
"678","Q5a12_157"
"679","Q5a12_158"
"680","Q5a12_159"
"681","Q5a12_160"
"682","Q5a12_161"
"683","Q5a12_162"
"684","Q5a12_163"
"685","Q5a12_164"
"686","Q5a12_165"
"687","Q5a12_166"
"688","Q5a12_245"
"689","Q5a12_167"
"690","Q5a12_subnet168_171"
"691","Q5a12_168"
"692","Q5a12_169"
"693","Q5a12_170"
"694","Q5a12_171"
"695","Q5a12_net172_182"
"696","Q5a12_172"
"697","Q5a12_173"
"698","Q5a12_174"
"699","Q5a12_175"
"700","Q5a12_176"
"701","Q5a12_177"
"702","Q5a12_subnet178_179"
"703","Q5a12_178"
"704","Q5a12_179"
"705","Q5a12_subnet180_182"
"706","Q5a12_180"
"707","Q5a12_181"
"708","Q5a12_182"
"709","Q5a12_net183_184"
"710","Q5a12_183"
"711","Q5a12_184"
"712","Q5a12_net195_200"
"713","Q5a12_195"
"714","Q5a12_196"
"715","Q5a12_197"
"716","Q5a12_198"
"717","Q5a12_199"
"718","Q5a12_200"
"719","Q5a12_net201_207"
"720","Q5a12_201"
"721","Q5a12_202"
"722","Q5a12_203"
"723","Q5a12_204"
"724","Q5a12_205"
"725","Q5a12_206"
"726","Q5a12_207"
"727","Q5a12_net208_212"
"728","Q5a12_208"
"729","Q5a12_209"
"730","Q5a12_210"
"731","Q5a12_211"
"732","Q5a12_212"
"733","Q5a12_net213_227"
"734","Q5a12_213"
"735","Q5a12_214"
"736","Q5a12_215"
"737","Q5a12_216"
"738","Q5a12_246"
"739","Q5a12_217"
"740","Q5a12_218"
"741","Q5a12_219"
"742","Q5a12_220"
"743","Q5a12_221"
"744","Q5a12_222"
"745","Q5a12_223"
"746","Q5a12_224"
"747","Q5a12_225"
"748","Q5a12_subnet226_227"
"749","Q5a12_226"
"750","Q5a12_227"
"751","Q5a12_net228_231"
"752","Q5a12_228"
"753","Q5a12_229"
"754","Q5a12_230"
"755","Q5a12_231"
"756","Q5a12_net185_194"
"757","Q5a12_185"
"758","Q5a12_186"
"759","Q5a12_187"
"760","Q5a12_189"
"761","Q5a12_188"
"762","Q5a12_249"
"763","Q5a12_190"
"764","Q5a12_247"
"765","Q5a12_191"
"766","Q5a12_192"
"767","Q5a12_193"
"768","Q5a12_194"
"769","Q5a12_995"
"770","Q5a12_997"
"771","Q5a12_998"
"772","Q5a12_999"
"773","Q5a1_1"
"774","Q5a1_2"
"775","Q5a1_3"
"776","Q5a1_4"
"777","Q5a1_5"
"778","Q5a1_6"
"779","Q5a1_7"
"780","Q5a1_8"
"781","Q5a1_9"
"782","Q5a1_10"
"783","Q5a1_11"
"784","Q5a1_12"
"785","Q5a1_13"
"786","Q5a1_14"
"787","Q5a1_16"
"788","Q5a1_15"
"789","Q5a1_17"
"790","Q5a1_18"
"791","Q5a1_19"
"792","Q5a1_20"
"793","Q5a1_21"
"794","Q5a1_22"
"795","Q5a1_23"
"796","Q5a1_24"
"797","Q5a1_25"
"798","Q5a1_26"
"799","Q5a1_27"
"800","Q5a1_28"
"801","Q5a1_29"
"802","Q5a1_30"
"803","Q5a1_31"
"804","Q5a1_32"
"805","Q5a1_33"
"806","Q5a1_34"
"807","Q5a1_35"
"808","Q5a1_36"
"809","Q5a1_37"
"810","Q5a1_240"
"811","Q5a1_38"
"812","Q5a1_39"
"813","Q5a1_40"
"814","Q5a1_41"
"815","Q5a1_42"
"816","Q5a1_43"
"817","Q5a1_44"
"818","Q5a1_45"
"819","Q5a1_46"
"820","Q5a1_47"
"821","Q5a1_48"
"822","Q5a1_49"
"823","Q5a1_50"
"824","Q5a1_51"
"825","Q5a1_52"
"826","Q5a1_53"
"827","Q5a1_54"
"828","Q5a1_55"
"829","Q5a1_56"
"830","Q5a1_57"
"831","Q5a1_58"
"832","Q5a1_59"
"833","Q5a1_60"
"834","Q5a1_61"
"835","Q5a1_62"
"836","Q5a1_115"
"837","Q5a1_107"
"838","Q5a1_241"
"839","Q5a1_63"
"840","Q5a1_64"
"841","Q5a1_65"
"842","Q5a1_66"
"843","Q5a1_67"
"844","Q5a1_242"
"845","Q5a1_232"
"846","Q5a1_68"
"847","Q5a1_69"
"848","Q5a1_248"
"849","Q5a1_70"
"850","Q5a1_71"
"851","Q5a1_73"
"852","Q5a1_74"
"853","Q5a1_72"
"854","Q5a1_75"
"855","Q5a1_76"
"856","Q5a1_77"
"857","Q5a1_78"
"858","Q5a1_79"
"859","Q5a1_80"
"860","Q5a1_81"
"861","Q5a1_82"
"862","Q5a1_83"
"863","Q5a1_84"
"864","Q5a1_85"
"865","Q5a1_86"
"866","Q5a1_87"
"867","Q5a1_88"
"868","Q5a1_89"
"869","Q5a1_90"
"870","Q5a1_91"
"871","Q5a1_92"
"872","Q5a1_93"
"873","Q5a1_94"
"874","Q5a1_95"
"875","Q5a1_96"
"876","Q5a1_97"
"877","Q5a1_98"
"878","Q5a1_99"
"879","Q5a1_100"
"880","Q5a1_101"
"881","Q5a1_102"
"882","Q5a1_103"
"883","Q5a1_104"
"884","Q5a1_105"
"885","Q5a1_106"
"886","Q5a1_233"
"887","Q5a1_108"
"888","Q5a1_109"
"889","Q5a1_110"
"890","Q5a1_111"
"891","Q5a1_112"
"892","Q5a1_113"
"893","Q5a1_114"
"894","Q5a1_116"
"895","Q5a1_117"
"896","Q5a1_118"
"897","Q5a1_119"
"898","Q5a1_120"
"899","Q5a1_121"
"900","Q5a1_122"
"901","Q5a1_123"
"902","Q5a1_124"
"903","Q5a1_125"
"904","Q5a1_126"
"905","Q5a1_127"
"906","Q5a1_128"
"907","Q5a1_130"
"908","Q5a1_129"
"909","Q5a1_131"
"910","Q5a1_132"
"911","Q5a1_133"
"912","Q5a1_134"
"913","Q5a1_135"
"914","Q5a1_243"
"915","Q5a1_136"
"916","Q5a1_137"
"917","Q5a1_244"
"918","Q5a1_138"
"919","Q5a1_139"
"920","Q5a1_140"
"921","Q5a1_141"
"922","Q5a1_142"
"923","Q5a1_143"
"924","Q5a1_144"
"925","Q5a1_145"
"926","Q5a1_146"
"927","Q5a1_147"
"928","Q5a1_148"
"929","Q5a1_149"
"930","Q5a1_234"
"931","Q5a1_150"
"932","Q5a1_151"
"933","Q5a1_152"
"934","Q5a1_153"
"935","Q5a1_154"
"936","Q5a1_155"
"937","Q5a1_235"
"938","Q5a1_156"
"939","Q5a1_157"
"940","Q5a1_158"
"941","Q5a1_159"
"942","Q5a1_160"
"943","Q5a1_161"
"944","Q5a1_162"
"945","Q5a1_163"
"946","Q5a1_164"
"947","Q5a1_165"
"948","Q5a1_166"
"949","Q5a1_245"
"950","Q5a1_167"
"951","Q5a1_168"
"952","Q5a1_169"
"953","Q5a1_170"
"954","Q5a1_171"
"955","Q5a1_172"
"956","Q5a1_173"
"957","Q5a1_174"
"958","Q5a1_175"
"959","Q5a1_176"
"960","Q5a1_177"
"961","Q5a1_178"
"962","Q5a1_179"
"963","Q5a1_180"
"964","Q5a1_181"
"965","Q5a1_182"
"966","Q5a1_183"
"967","Q5a1_184"
"968","Q5a1_195"
"969","Q5a1_196"
"970","Q5a1_197"
"971","Q5a1_198"
"972","Q5a1_199"
"973","Q5a1_200"
"974","Q5a1_201"
"975","Q5a1_202"
"976","Q5a1_203"
"977","Q5a1_204"
"978","Q5a1_205"
"979","Q5a1_206"
"980","Q5a1_207"
"981","Q5a1_208"
"982","Q5a1_209"
"983","Q5a1_210"
"984","Q5a1_211"
"985","Q5a1_212"
"986","Q5a1_213"
"987","Q5a1_214"
"988","Q5a1_215"
"989","Q5a1_216"
"990","Q5a1_246"
"991","Q5a1_217"
"992","Q5a1_218"
"993","Q5a1_219"
"994","Q5a1_220"
"995","Q5a1_221"
"996","Q5a1_222"
"997","Q5a1_223"
"998","Q5a1_224"
"999","Q5a1_225"
"1000","Q5a1_226"
"1001","Q5a1_227"
"1002","Q5a1_228"
"1003","Q5a1_229"
"1004","Q5a1_230"
"1005","Q5a1_231"
"1006","Q5a1_185"
"1007","Q5a1_186"
"1008","Q5a1_187"
"1009","Q5a1_189"
"1010","Q5a1_188"
"1011","Q5a1_249"
"1012","Q5a1_190"
"1013","Q5a1_247"
"1014","Q5a1_191"
"1015","Q5a1_192"
"1016","Q5a1_193"
"1017","Q5a1_194"
"1018","Q5a1_995"
"1019","Q5a1_997"
"1020","Q5a1_998"
"1021","Q5a1_999"
"1022","Q5a2_1"
"1023","Q5a2_2"
"1024","Q5a2_3"
"1025","Q5a2_4"
"1026","Q5a2_5"
"1027","Q5a2_6"
"1028","Q5a2_7"
"1029","Q5a2_8"
"1030","Q5a2_9"
"1031","Q5a2_10"
"1032","Q5a2_11"
"1033","Q5a2_12"
"1034","Q5a2_13"
"1035","Q5a2_14"
"1036","Q5a2_16"
"1037","Q5a2_15"
"1038","Q5a2_17"
"1039","Q5a2_18"
"1040","Q5a2_19"
"1041","Q5a2_20"
"1042","Q5a2_21"
"1043","Q5a2_22"
"1044","Q5a2_23"
"1045","Q5a2_24"
"1046","Q5a2_25"
"1047","Q5a2_26"
"1048","Q5a2_27"
"1049","Q5a2_28"
"1050","Q5a2_29"
"1051","Q5a2_30"
"1052","Q5a2_31"
"1053","Q5a2_32"
"1054","Q5a2_33"
"1055","Q5a2_34"
"1056","Q5a2_35"
"1057","Q5a2_36"
"1058","Q5a2_37"
"1059","Q5a2_240"
"1060","Q5a2_38"
"1061","Q5a2_39"
"1062","Q5a2_40"
"1063","Q5a2_41"
"1064","Q5a2_42"
"1065","Q5a2_43"
"1066","Q5a2_44"
"1067","Q5a2_45"
"1068","Q5a2_46"
"1069","Q5a2_47"
"1070","Q5a2_48"
"1071","Q5a2_49"
"1072","Q5a2_50"
"1073","Q5a2_51"
"1074","Q5a2_52"
"1075","Q5a2_53"
"1076","Q5a2_54"
"1077","Q5a2_55"
"1078","Q5a2_56"
"1079","Q5a2_57"
"1080","Q5a2_58"
"1081","Q5a2_59"
"1082","Q5a2_60"
"1083","Q5a2_61"
"1084","Q5a2_62"
"1085","Q5a2_115"
"1086","Q5a2_107"
"1087","Q5a2_241"
"1088","Q5a2_63"
"1089","Q5a2_64"
"1090","Q5a2_65"
"1091","Q5a2_66"
"1092","Q5a2_67"
"1093","Q5a2_242"
"1094","Q5a2_232"
"1095","Q5a2_68"
"1096","Q5a2_69"
"1097","Q5a2_248"
"1098","Q5a2_70"
"1099","Q5a2_71"
"1100","Q5a2_73"
"1101","Q5a2_74"
"1102","Q5a2_72"
"1103","Q5a2_75"
"1104","Q5a2_76"
"1105","Q5a2_77"
"1106","Q5a2_78"
"1107","Q5a2_79"
"1108","Q5a2_80"
"1109","Q5a2_81"
"1110","Q5a2_82"
"1111","Q5a2_83"
"1112","Q5a2_84"
"1113","Q5a2_85"
"1114","Q5a2_86"
"1115","Q5a2_87"
"1116","Q5a2_88"
"1117","Q5a2_89"
"1118","Q5a2_90"
"1119","Q5a2_91"
"1120","Q5a2_92"
"1121","Q5a2_93"
"1122","Q5a2_94"
"1123","Q5a2_95"
"1124","Q5a2_96"
"1125","Q5a2_97"
"1126","Q5a2_98"
"1127","Q5a2_99"
"1128","Q5a2_100"
"1129","Q5a2_101"
"1130","Q5a2_102"
"1131","Q5a2_103"
"1132","Q5a2_104"
"1133","Q5a2_105"
"1134","Q5a2_106"
"1135","Q5a2_233"
"1136","Q5a2_108"
"1137","Q5a2_109"
"1138","Q5a2_110"
"1139","Q5a2_111"
"1140","Q5a2_112"
"1141","Q5a2_113"
"1142","Q5a2_114"
"1143","Q5a2_116"
"1144","Q5a2_117"
"1145","Q5a2_118"
"1146","Q5a2_119"
"1147","Q5a2_120"
"1148","Q5a2_121"
"1149","Q5a2_122"
"1150","Q5a2_123"
"1151","Q5a2_124"
"1152","Q5a2_125"
"1153","Q5a2_126"
"1154","Q5a2_127"
"1155","Q5a2_128"
"1156","Q5a2_130"
"1157","Q5a2_129"
"1158","Q5a2_131"
"1159","Q5a2_132"
"1160","Q5a2_133"
"1161","Q5a2_134"
"1162","Q5a2_135"
"1163","Q5a2_243"
"1164","Q5a2_136"
"1165","Q5a2_137"
"1166","Q5a2_244"
"1167","Q5a2_138"
"1168","Q5a2_139"
"1169","Q5a2_140"
"1170","Q5a2_141"
"1171","Q5a2_142"
"1172","Q5a2_143"
"1173","Q5a2_144"
"1174","Q5a2_145"
"1175","Q5a2_146"
"1176","Q5a2_147"
"1177","Q5a2_148"
"1178","Q5a2_149"
"1179","Q5a2_234"
"1180","Q5a2_150"
"1181","Q5a2_151"
"1182","Q5a2_152"
"1183","Q5a2_153"
"1184","Q5a2_154"
"1185","Q5a2_155"
"1186","Q5a2_235"
"1187","Q5a2_156"
"1188","Q5a2_157"
"1189","Q5a2_158"
"1190","Q5a2_159"
"1191","Q5a2_160"
"1192","Q5a2_161"
"1193","Q5a2_162"
"1194","Q5a2_163"
"1195","Q5a2_164"
"1196","Q5a2_165"
"1197","Q5a2_166"
"1198","Q5a2_245"
"1199","Q5a2_167"
"1200","Q5a2_168"
"1201","Q5a2_169"
"1202","Q5a2_170"
"1203","Q5a2_171"
"1204","Q5a2_172"
"1205","Q5a2_173"
"1206","Q5a2_174"
"1207","Q5a2_175"
"1208","Q5a2_176"
"1209","Q5a2_177"
"1210","Q5a2_178"
"1211","Q5a2_179"
"1212","Q5a2_180"
"1213","Q5a2_181"
"1214","Q5a2_182"
"1215","Q5a2_183"
"1216","Q5a2_184"
"1217","Q5a2_195"
"1218","Q5a2_196"
"1219","Q5a2_197"
"1220","Q5a2_198"
"1221","Q5a2_199"
"1222","Q5a2_200"
"1223","Q5a2_201"
"1224","Q5a2_202"
"1225","Q5a2_203"
"1226","Q5a2_204"
"1227","Q5a2_205"
"1228","Q5a2_206"
"1229","Q5a2_207"
"1230","Q5a2_208"
"1231","Q5a2_209"
"1232","Q5a2_210"
"1233","Q5a2_211"
"1234","Q5a2_212"
"1235","Q5a2_213"
"1236","Q5a2_214"
"1237","Q5a2_215"
"1238","Q5a2_216"
"1239","Q5a2_246"
"1240","Q5a2_217"
"1241","Q5a2_218"
"1242","Q5a2_219"
"1243","Q5a2_220"
"1244","Q5a2_221"
"1245","Q5a2_222"
"1246","Q5a2_223"
"1247","Q5a2_224"
"1248","Q5a2_225"
"1249","Q5a2_226"
"1250","Q5a2_227"
"1251","Q5a2_228"
"1252","Q5a2_229"
"1253","Q5a2_230"
"1254","Q5a2_231"
"1255","Q5a2_185"
"1256","Q5a2_186"
"1257","Q5a2_187"
"1258","Q5a2_189"
"1259","Q5a2_188"
"1260","Q5a2_249"
"1261","Q5a2_190"
"1262","Q5a2_247"
"1263","Q5a2_191"
"1264","Q5a2_192"
"1265","Q5a2_193"
"1266","Q5a2_194"
"1267","Q5a2_995"
"1268","Q5a2_997"
"1269","Q5a2_998"
"1270","Q5a2_999"
"1271","Q9a1_1"
"1272","Q9a1_2"
"1273","Q9a1_3"
"1274","Q9a1_4"
"1275","Q9a1_5"
"1276","Q9a1_6"
"1277","Q9a1_7"
"1278","Q9a1_8"
"1279","Q9a1_9"
"1280","Q9a1_10"
"1281","Q9a1_11"
"1282","Q9a1_12"
"1283","Q9a1_13"
"1284","Q9a1_14"
"1285","Q9a1_15"
"1286","Q9a1_16"
"1287","Q9a1_17"
"1288","Q9a1_18"
"1289","Q9a1_19"
"1290","Q9a1_20"
"1291","Q9a1_21"
"1292","Q9a1_22"
"1293","Q9a1_23"
"1294","Q9a1_24"
"1295","Q9a1_25"
"1296","Q9a1_26"
"1297","Q9a1_27"
"1298","Q9a1_28"
"1299","Q9a1_29"
"1300","Q9a1_30"
"1301","Q9a1_31"
"1302","Q9a1_32"
"1303","Q9a1_33"
"1304","Q9a1_34"
"1305","Q9a1_35"
"1306","Q9a1_36"
"1307","Q9a1_37"
"1308","Q9a1_38"
"1309","Q9a1_39"
"1310","Q9a1_40"
"1311","Q9a1_41"
"1312","Q9a1_42"
"1313","Q9a1_43"
"1314","Q9a1_44"
"1315","Q9a1_45"
"1316","Q9a1_46"
"1317","Q9a1_47"
"1318","Q9a1_48"
"1319","Q9a1_49"
"1320","Q9a1_50"
"1321","Q9a1_51"
"1322","Q9a1_52"
"1323","Q9a1_53"
"1324","Q9a1_54"
"1325","Q9a1_55"
"1326","Q9a1_56"
"1327","Q9a1_57"
"1328","Q9a1_58"
"1329","Q9a1_59"
"1330","Q9a1_60"
"1331","Q9a1_61"
"1332","Q9a1_62"
"1333","Q9a1_63"
"1334","Q9a1_64"
"1335","Q9a1_65"
"1336","Q9a1_66"
"1337","Q9a1_67"
"1338","Q9a1_68"
"1339","Q9a1_69"
"1340","Q9a1_70"
"1341","Q9a1_71"
"1342","Q9a1_72"
"1343","Q9a1_73"
"1344","Q9a1_74"
"1345","Q9a1_75"
"1346","Q9a1_76"
"1347","Q9a1_77"
"1348","Q9a1_78"
"1349","Q9a1_79"
"1350","Q9a1_80"
"1351","Q9a1_81"
"1352","Q9a1_82"
"1353","Q9a1_83"
"1354","Q9a1_84"
"1355","Q9a1_85"
"1356","Q9a1_86"
"1357","Q9a1_87"
"1358","Q9a1_88"
"1359","Q9a1_89"
"1360","Q9a1_90"
"1361","Q9a1_91"
"1362","Q9a1_92"
"1363","Q9a1_93"
"1364","Q9a1_94"
"1365","Q9a1_95"
"1366","Q9a1_96"
"1367","Q9a1_97"
"1368","Q9a1_98"
"1369","Q9a1_99"
"1370","Q9a1_100"
"1371","Q9a1_101"
"1372","Q9a1_102"
"1373","Q9a1_103"
"1374","Q9a1_104"
"1375","Q9a1_105"
"1376","Q9a1_106"
"1377","Q9a1_107"
"1378","Q9a1_108"
"1379","Q9a1_109"
"1380","Q9a1_110"
"1381","Q9a1_111"
"1382","Q9a1_112"
"1383","Q9a1_113"
"1384","Q9a1_114"
"1385","Q9a1_115"
"1386","Q9a1_116"
"1387","Q9a1_117"
"1388","Q9a1_118"
"1389","Q9a1_119"
"1390","Q9a1_120"
"1391","Q9a1_121"
"1392","Q9a1_122"
"1393","Q9a1_123"
"1394","Q9a1_124"
"1395","Q9a1_125"
"1396","Q9a1_126"
"1397","Q9a1_127"
"1398","Q9a1_128"
"1399","Q9a1_129"
"1400","Q9a1_130"
"1401","Q9a1_131"
"1402","Q9a1_132"
"1403","Q9a1_133"
"1404","Q9a1_134"
"1405","Q9a1_135"
"1406","Q9a1_136"
"1407","Q9a1_137"
"1408","Q9a1_138"
"1409","Q9a1_139"
"1410","Q9a1_140"
"1411","Q9a1_141"
"1412","Q9a1_142"
"1413","Q9a1_143"
"1414","Q9a1_144"
"1415","Q9a1_145"
"1416","Q9a1_146"
"1417","Q9a1_147"
"1418","Q9a1_148"
"1419","Q9a1_149"
"1420","Q9a1_150"
"1421","Q9a1_151"
"1422","Q9a1_152"
"1423","Q9a1_153"
"1424","Q9a1_154"
"1425","Q9a1_155"
"1426","Q9a1_156"
"1427","Q9a1_157"
"1428","Q9a1_158"
"1429","Q9a1_159"
"1430","Q9a1_160"
"1431","Q9a1_161"
"1432","Q9a1_162"
"1433","Q9a1_163"
"1434","Q9a1_164"
"1435","Q9a1_165"
"1436","Q9a1_166"
"1437","Q9a1_167"
"1438","Q9a1_168"
"1439","Q9a1_169"
"1440","Q9a1_170"
"1441","Q9a1_171"
"1442","Q9a1_172"
"1443","Q9a1_173"
"1444","Q9a1_174"
"1445","Q9a1_175"
"1446","Q9a1_176"
"1447","Q9a1_177"
"1448","Q9a1_178"
"1449","Q9a1_179"
"1450","Q9a1_180"
"1451","Q9a1_181"
"1452","Q9a1_182"
"1453","Q9a1_183"
"1454","Q9a1_184"
"1455","Q9a1_185"
"1456","Q9a1_186"
"1457","Q9a1_187"
"1458","Q9a1_188"
"1459","Q9a1_189"
"1460","Q9a1_190"
"1461","Q9a1_191"
"1462","Q9a1_192"
"1463","Q9a1_193"
"1464","Q9a1_194"
"1465","Q9a1_195"
"1466","Q9a1_196"
"1467","Q9a1_197"
"1468","Q9a1_198"
"1469","Q9a1_199"
"1470","Q9a1_200"
"1471","Q9a1_201"
"1472","Q9a1_202"
"1473","Q9a1_203"
"1474","Q9a1_204"
"1475","Q9a1_205"
"1476","Q9a1_206"
"1477","Q9a1_207"
"1478","Q9a1_208"
"1479","Q9a1_209"
"1480","Q9a1_210"
"1481","Q9a1_211"
"1482","Q9a1_212"
"1483","Q9a1_213"
"1484","Q9a1_214"
"1485","Q9a1_215"
"1486","Q9a1_216"
"1487","Q9a1_217"
"1488","Q9a1_218"
"1489","Q9a1_219"
"1490","Q9a1_220"
"1491","Q9a1_221"
"1492","Q9a1_222"
"1493","Q9a1_223"
"1494","Q9a1_224"
"1495","Q9a1_225"
"1496","Q9a1_226"
"1497","Q9a1_227"
"1498","Q9a1_228"
"1499","Q9a1_229"
"1500","Q9a1_230"
"1501","Q9a1_231"
"1502","Q9a1_232"
"1503","Q9a1_233"
"1504","Q9a1_234"
"1505","Q9a1_235"
"1506","Q9a1_236"
"1507","Q9a1_237"
"1508","Q9a1_238"
"1509","Q9a1_239"
"1510","Q9a1_240"
"1511","Q9a1_241"
"1512","Q9a1_242"
"1513","Q9a1_243"
"1514","Q9a1_244"
"1515","Q9a1_245"
"1516","Q9a1_246"
"1517","Q9a1_247"
"1518","Q9a1_248"
"1519","Q9a1_249"
"1520","Q9a1_250"
"1521","Q9a1_251"
"1522","Q9a1_252"
"1523","Q9a1_253"
"1524","Q9a1_254"
"1525","Q9a1_255"
"1526","Q9a1_256"
"1527","Q9a1_257"
"1528","Q9a1_258"
"1529","Q9a1_259"
"1530","Q9a1_260"
"1531","Q9a1_261"
"1532","Q9a1_262"
"1533","Q9a1_301"
"1534","Q9a1_302"
"1535","Q9a1_303"
"1536","Q9a1_304"
"1537","Q9a1_305"
"1538","Q9a1_306"
"1539","Q9a1_308"
"1540","Q9a1_309"
"1541","Q9a1_310"
"1542","Q9a1_311"
"1543","Q9a1_351"
"1544","Q9a1_352"
"1545","Q9a1_353"
"1546","Q9a1_361"
"1547","Q9a1_362"
"1548","Q9a1_363"
"1549","Q9a1_364"
"1550","Q9a1_365"
"1551","Q9a1_366"
"1552","Q9a1_367"
"1553","Q9a1_368"
"1554","Q9a1_369"
"1555","Q9a1_370"
"1556","Q9a1_371"
"1557","Q9a1_372"
"1558","Q9a1_373"
"1559","Q9a1_374"
"1560","Q9a1_375"
"1561","Q9a1_376"
"1562","Q9a1_377"
"1563","Q9a1_378"
"1564","Q9a1_379"
"1565","Q9a1_380"
"1566","Q9a1_381"
"1567","Q9a1_382"
"1568","Q9a1_383"
"1569","Q9a1_384"
"1570","Q9a1_385"
"1571","Q9a1_386"
"1572","Q9a1_387"
"1573","Q9a1_388"
"1574","Q9a1_389"
"1575","Q9a1_390"
"1576","Q9a1_391"
"1577","Q9a1_392"
"1578","Q9a1_393"
"1579","Q9a1_394"
"1580","Q9a1_395"
"1581","Q9a1_400"
"1582","Q9a1_401"
"1583","Q9a1_402"
"1584","Q9a1_403"
"1585","Q9a1_404"
"1586","Q9a1_405"
"1587","Q9a1_406"
"1588","Q9a1_407"
"1589","Q9a1_408"
"1590","Q9a1_409"
"1591","Q9a1_410"
"1592","Q9a1_411"
"1593","Q9a1_412"
"1594","Q9a1_413"
"1595","Q9a1_414"
"1596","Q9a1_415"
"1597","Q9a1_416"
"1598","Q9a1_417"
"1599","Q9a1_418"
"1600","Q9a1_419"
"1601","Q9a1_420"
"1602","Q9a1_421"
"1603","Q9a1_422"
"1604","Q9a1_423"
"1605","Q9a1_424"
"1606","Q9a1_425"
"1607","Q9a1_426"
"1608","Q9a1_427"
"1609","Q9a1_428"
"1610","Q9a1_429"
"1611","Q9a1_430"
"1612","Q9a1_431"
"1613","Q9a1_432"
"1614","Q9a1_433"
"1615","Q9a1_434"
"1616","Q9a1_435"
"1617","Q9a1_436"
"1618","Q9a1_437"
"1619","Q9a1_438"
"1620","Q9a1_439"
"1621","Q9a1_440"
"1622","Q9a1_441"
"1623","Q9a1_442"
"1624","Q9a1_443"
"1625","Q9a1_444"
"1626","Q9a1_501"
"1627","Q9a1_502"
"1628","Q9a1_503"
"1629","Q9a1_504"
"1630","Q9a1_505"
"1631","Q9a1_506"
"1632","Q9a1_507"
"1633","Q9a1_508"
"1634","Q9a1_509"
"1635","Q9a1_510"
"1636","Q9a1_511"
"1637","Q9a1_512"
"1638","Q9a1_513"
"1639","Q9a1_514"
"1640","Q9a1_515"
"1641","Q9a1_516"
"1642","Q9a1_517"
"1643","Q9a1_518"
"1644","Q9a1_519"
"1645","Q9a1_521"
"1646","Q9a1_522"
"1647","Q9a1_523"
"1648","Q9a1_524"
"1649","Q9a1_525"
"1650","Q9a1_526"
"1651","Q9a1_527"
"1652","Q9a1_528"
"1653","Q9a1_529"
"1654","Q9a1_530"
"1655","Q9a1_531"
"1656","Q9a1_532"
"1657","Q9a1_533"
"1658","Q9a1_534"
"1659","Q9a1_535"
"1660","Q9a1_536"
"1661","Q9a1_537"
"1662","Q9a1_538"
"1663","Q9a1_539"
"1664","Q9a1_540"
"1665","Q9a1_541"
"1666","Q9a1_542"
"1667","Q9a1_543"
"1668","Q9a1_544"
"1669","Q9a1_545"
"1670","Q9a1_546"
"1671","Q9a1_547"
"1672","Q9a1_548"
"1673","Q9a1_549"
"1674","Q9a1_550"
"1675","Q9a1_551"
"1676","Q9a1_552"
"1677","Q9a1_553"
"1678","Q9a1_554"
"1679","Q9a1_999"
"1680","Q9b1_1"
"1681","Q9b1_2"
"1682","Q9b1_3"
"1683","Q9b1_4"
"1684","Q9b1_5"
"1685","Q9b1_6"
"1686","Q9b1_7"
"1687","Q9b1_8"
"1688","Q9b1_9"
"1689","Q9b1_10"
"1690","Q9b1_11"
"1691","Q9b1_12"
"1692","Q9b1_13"
"1693","Q9b1_14"
"1694","Q9b1_15"
"1695","Q9b1_16"
"1696","Q9b1_17"
"1697","Q9b1_18"
"1698","Q9b1_19"
"1699","Q9b1_20"
"1700","Q9b1_21"
"1701","Q9b1_22"
"1702","Q9b1_23"
"1703","Q9b1_24"
"1704","Q9b1_25"
"1705","Q9b1_26"
"1706","Q9b1_27"
"1707","Q9b1_28"
"1708","Q9b1_29"
"1709","Q9b1_30"
"1710","Q9b1_31"
"1711","Q9b1_32"
"1712","Q9b1_33"
"1713","Q9b1_34"
"1714","Q9b1_35"
"1715","Q9b1_36"
"1716","Q9b1_37"
"1717","Q9b1_38"
"1718","Q9b1_39"
"1719","Q9b1_40"
"1720","Q9b1_41"
"1721","Q9b1_42"
"1722","Q9b1_43"
"1723","Q9b1_44"
"1724","Q9b1_45"
"1725","Q9b1_46"
"1726","Q9b1_47"
"1727","Q9b1_48"
"1728","Q9b1_49"
"1729","Q9b1_50"
"1730","Q9b1_51"
"1731","Q9b1_52"
"1732","Q9b1_53"
"1733","Q9b1_54"
"1734","Q9b1_55"
"1735","Q9b1_56"
"1736","Q9b1_57"
"1737","Q9b1_58"
"1738","Q9b1_59"
"1739","Q9b1_60"
"1740","Q9b1_61"
"1741","Q9b1_62"
"1742","Q9b1_63"
"1743","Q9b1_64"
"1744","Q9b1_65"
"1745","Q9b1_66"
"1746","Q9b1_67"
"1747","Q9b1_68"
"1748","Q9b1_69"
"1749","Q9b1_70"
"1750","Q9b1_71"
"1751","Q9b1_72"
"1752","Q9b1_73"
"1753","Q9b1_74"
"1754","Q9b1_75"
"1755","Q9b1_76"
"1756","Q9b1_77"
"1757","Q9b1_78"
"1758","Q9b1_79"
"1759","Q9b1_80"
"1760","Q9b1_81"
"1761","Q9b1_82"
"1762","Q9b1_83"
"1763","Q9b1_84"
"1764","Q9b1_85"
"1765","Q9b1_86"
"1766","Q9b1_87"
"1767","Q9b1_88"
"1768","Q9b1_89"
"1769","Q9b1_90"
"1770","Q9b1_91"
"1771","Q9b1_92"
"1772","Q9b1_93"
"1773","Q9b1_94"
"1774","Q9b1_95"
"1775","Q9b1_96"
"1776","Q9b1_97"
"1777","Q9b1_98"
"1778","Q9b1_99"
"1779","Q9b1_100"
"1780","Q9b1_101"
"1781","Q9b1_102"
"1782","Q9b1_103"
"1783","Q9b1_104"
"1784","Q9b1_105"
"1785","Q9b1_106"
"1786","Q9b1_107"
"1787","Q9b1_108"
"1788","Q9b1_109"
"1789","Q9b1_110"
"1790","Q9b1_111"
"1791","Q9b1_112"
"1792","Q9b1_113"
"1793","Q9b1_114"
"1794","Q9b1_115"
"1795","Q9b1_116"
"1796","Q9b1_117"
"1797","Q9b1_118"
"1798","Q9b1_119"
"1799","Q9b1_120"
"1800","Q9b1_121"
"1801","Q9b1_122"
"1802","Q9b1_123"
"1803","Q9b1_124"
"1804","Q9b1_125"
"1805","Q9b1_126"
"1806","Q9b1_127"
"1807","Q9b1_128"
"1808","Q9b1_129"
"1809","Q9b1_130"
"1810","Q9b1_131"
"1811","Q9b1_132"
"1812","Q9b1_133"
"1813","Q9b1_134"
"1814","Q9b1_135"
"1815","Q9b1_136"
"1816","Q9b1_137"
"1817","Q9b1_138"
"1818","Q9b1_139"
"1819","Q9b1_140"
"1820","Q9b1_141"
"1821","Q9b1_142"
"1822","Q9b1_143"
"1823","Q9b1_144"
"1824","Q9b1_145"
"1825","Q9b1_146"
"1826","Q9b1_147"
"1827","Q9b1_148"
"1828","Q9b1_149"
"1829","Q9b1_150"
"1830","Q9b1_151"
"1831","Q9b1_152"
"1832","Q9b1_153"
"1833","Q9b1_154"
"1834","Q9b1_155"
"1835","Q9b1_156"
"1836","Q9b1_157"
"1837","Q9b1_158"
"1838","Q9b1_159"
"1839","Q9b1_160"
"1840","Q9b1_161"
"1841","Q9b1_162"
"1842","Q9b1_163"
"1843","Q9b1_164"
"1844","Q9b1_165"
"1845","Q9b1_166"
"1846","Q9b1_167"
"1847","Q9b1_168"
"1848","Q9b1_169"
"1849","Q9b1_170"
"1850","Q9b1_171"
"1851","Q9b1_172"
"1852","Q9b1_173"
"1853","Q9b1_174"
"1854","Q9b1_175"
"1855","Q9b1_176"
"1856","Q9b1_177"
"1857","Q9b1_178"
"1858","Q9b1_179"
"1859","Q9b1_180"
"1860","Q9b1_181"
"1861","Q9b1_182"
"1862","Q9b1_183"
"1863","Q9b1_184"
"1864","Q9b1_185"
"1865","Q9b1_186"
"1866","Q9b1_187"
"1867","Q9b1_188"
"1868","Q9b1_189"
"1869","Q9b1_190"
"1870","Q9b1_191"
"1871","Q9b1_192"
"1872","Q9b1_193"
"1873","Q9b1_194"
"1874","Q9b1_195"
"1875","Q9b1_196"
"1876","Q9b1_197"
"1877","Q9b1_198"
"1878","Q9b1_199"
"1879","Q9b1_200"
"1880","Q9b1_201"
"1881","Q9b1_202"
"1882","Q9b1_203"
"1883","Q9b1_204"
"1884","Q9b1_205"
"1885","Q9b1_206"
"1886","Q9b1_207"
"1887","Q9b1_208"
"1888","Q9b1_209"
"1889","Q9b1_210"
"1890","Q9b1_211"
"1891","Q9b1_212"
"1892","Q9b1_213"
"1893","Q9b1_214"
"1894","Q9b1_215"
"1895","Q9b1_216"
"1896","Q9b1_217"
"1897","Q9b1_218"
"1898","Q9b1_219"
"1899","Q9b1_220"
"1900","Q9b1_221"
"1901","Q9b1_222"
"1902","Q9b1_223"
"1903","Q9b1_224"
"1904","Q9b1_225"
"1905","Q9b1_226"
"1906","Q9b1_227"
"1907","Q9b1_228"
"1908","Q9b1_229"
"1909","Q9b1_230"
"1910","Q9b1_231"
"1911","Q9b1_232"
"1912","Q9b1_233"
"1913","Q9b1_234"
"1914","Q9b1_235"
"1915","Q9b1_236"
"1916","Q9b1_237"
"1917","Q9b1_238"
"1918","Q9b1_239"
"1919","Q9b1_240"
"1920","Q9b1_241"
"1921","Q9b1_242"
"1922","Q9b1_243"
"1923","Q9b1_244"
"1924","Q9b1_245"
"1925","Q9b1_246"
"1926","Q9b1_247"
"1927","Q9b1_248"
"1928","Q9b1_249"
"1929","Q9b1_250"
"1930","Q9b1_251"
"1931","Q9b1_252"
"1932","Q9b1_253"
"1933","Q9b1_254"
"1934","Q9b1_255"
"1935","Q9b1_256"
"1936","Q9b1_257"
"1937","Q9b1_258"
"1938","Q9b1_259"
"1939","Q9b1_260"
"1940","Q9b1_261"
"1941","Q9b1_262"
"1942","Q9b1_263"
"1943","Q9b1_264"
"1944","Q9b1_265"
"1945","Q9b1_266"
"1946","Q9b1_267"
"1947","Q9b1_268"
"1948","Q9b1_269"
"1949","Q9b1_270"
"1950","Q9b1_271"
"1951","Q9b1_272"
"1952","Q9b1_273"
"1953","Q9b1_274"
"1954","Q9b1_275"
"1955","Q9b1_276"
"1956","Q9b1_277"
"1957","Q9b1_278"
"1958","Q9b1_279"
"1959","Q9b1_280"
"1960","Q9b1_301"
"1961","Q9b1_302"
"1962","Q9b1_303"
"1963","Q9b1_351"
"1964","Q9b1_352"
"1965","Q9b1_411"
"1966","Q9b1_412"
"1967","Q9b1_421"
"1968","Q9b1_422"
"1969","Q9b1_423"
"1970","Q9b1_424"
"1971","Q9b1_425"
"1972","Q9b1_426"
"1973","Q9b1_427"
"1974","Q9b1_428"
"1975","Q9b1_429"
"1976","Q9b1_430"
"1977","Q9b1_431"
"1978","Q9b1_432"
"1979","Q9b1_433"
"1980","Q9b1_434"
"1981","Q9b1_435"
"1982","Q9b1_436"
"1983","Q9b1_437"
"1984","Q9b1_438"
"1985","Q9b1_439"
"1986","Q9b1_440"
"1987","Q9b1_441"
"1988","Q9b1_442"
"1989","Q9b1_443"
"1990","Q9b1_444"
"1991","Q9b1_445"
"1992","Q9b1_446"
"1993","Q9b1_447"
"1994","Q9b1_448"
"1995","Q9b1_600"
"1996","Q9b1_601"
"1997","Q9b1_602"
"1998","Q9b1_603"
"1999","Q9b1_604"
"2000","Q9b1_605"
"2001","Q9b1_606"
"2002","Q9b1_607"
"2003","Q9b1_608"
"2004","Q9b1_609"
"2005","Q9b1_610"
"2006","Q9b1_611"
"2007","Q9b1_612"
"2008","Q9b1_613"
"2009","Q9b1_614"
"2010","Q9b1_615"
"2011","Q9b1_616"
"2012","Q9b1_617"
"2013","Q9b1_618"
"2014","Q9b1_619"
"2015","Q9b1_620"
"2016","Q9b1_621"
"2017","Q9b1_622"
"2018","Q9b1_623"
"2019","Q9b1_624"
"2020","Q9b1_625"
"2021","Q9b1_626"
"2022","Q9b1_627"
"2023","Q9b1_628"
"2024","Q9b1_629"
"2025","Q9b1_630"
"2026","Q9b1_631"
"2027","Q9b1_632"
"2028","Q9b1_633"
"2029","Q9b1_634"
"2030","Q9b1_635"
"2031","Q9b1_651"
"2032","Q9b1_652"
"2033","Q9b1_653"
"2034","Q9b1_654"
"2035","Q9b1_655"
"2036","Q9b1_656"
"2037","Q9b1_657"
"2038","Q9b1_658"
"2039","Q9b1_659"
"2040","Q9b1_660"
"2041","Q9b1_661"
"2042","Q9b1_662"
"2043","Q9b1_663"
"2044","Q9b1_664"
"2045","Q9b1_665"
"2046","Q9b1_666"
"2047","Q9b1_667"
"2048","Q9b1_671"
"2049","Q9b1_672"
"2050","Q9b1_673"
"2051","Q9b1_674"
"2052","Q9b1_675"
"2053","Q9b1_676"
"2054","Q9b1_677"
"2055","Q9b1_678"
"2056","Q9b1_679"
"2057","Q9b1_680"
"2058","Q9b1_681"
"2059","Q9b1_682"
"2060","Q9b1_683"
"2061","Q9b1_684"
"2062","Q9b1_685"
"2063","Q9b1_686"
"2064","Q9b1_687"
"2065","Q9b1_688"
"2066","Q9b1_689"
"2067","Q9b1_690"
"2068","Q9b1_691"
"2069","Q9b1_692"
"2070","Q9b1_693"
"2071","Q9b1_694"
"2072","Q9b1_695"
"2073","Q9b1_696"
"2074","Q9b1_697"
"2075","Q9b1_698"
"2076","Q9b1_699"
"2077","Q9b1_700"
"2078","Q9b1_701"
"2079","Q9b1_702"
"2080","Q9b1_703"
"2081","Q9b1_704"
"2082","Q9b1_705"
"2083","Q9b1_706"
"2084","Q9b1_707"
"2085","Q9b1_708"
"2086","Q9b1_709"
"2087","Q9b1_999"
"2088","Q9a2_1"
"2089","Q9a2_2"
"2090","Q9a2_3"
"2091","Q9a2_4"
"2092","Q9a2_5"
"2093","Q9a2_6"
"2094","Q9a2_7"
"2095","Q9a2_8"
"2096","Q9a2_9"
"2097","Q9a2_10"
"2098","Q9a2_11"
"2099","Q9a2_12"
"2100","Q9a2_13"
"2101","Q9a2_14"
"2102","Q9a2_15"
"2103","Q9a2_16"
"2104","Q9a2_17"
"2105","Q9a2_18"
"2106","Q9a2_19"
"2107","Q9a2_20"
"2108","Q9a2_21"
"2109","Q9a2_22"
"2110","Q9a2_23"
"2111","Q9a2_24"
"2112","Q9a2_25"
"2113","Q9a2_26"
"2114","Q9a2_27"
"2115","Q9a2_28"
"2116","Q9a2_29"
"2117","Q9a2_30"
"2118","Q9a2_31"
"2119","Q9a2_32"
"2120","Q9a2_33"
"2121","Q9a2_34"
"2122","Q9a2_35"
"2123","Q9a2_36"
"2124","Q9a2_37"
"2125","Q9a2_38"
"2126","Q9a2_39"
"2127","Q9a2_40"
"2128","Q9a2_41"
"2129","Q9a2_42"
"2130","Q9a2_43"
"2131","Q9a2_44"
"2132","Q9a2_45"
"2133","Q9a2_46"
"2134","Q9a2_47"
"2135","Q9a2_48"
"2136","Q9a2_49"
"2137","Q9a2_50"
"2138","Q9a2_51"
"2139","Q9a2_52"
"2140","Q9a2_53"
"2141","Q9a2_54"
"2142","Q9a2_55"
"2143","Q9a2_56"
"2144","Q9a2_57"
"2145","Q9a2_58"
"2146","Q9a2_59"
"2147","Q9a2_60"
"2148","Q9a2_61"
"2149","Q9a2_62"
"2150","Q9a2_63"
"2151","Q9a2_64"
"2152","Q9a2_65"
"2153","Q9a2_66"
"2154","Q9a2_67"
"2155","Q9a2_68"
"2156","Q9a2_69"
"2157","Q9a2_70"
"2158","Q9a2_71"
"2159","Q9a2_72"
"2160","Q9a2_73"
"2161","Q9a2_74"
"2162","Q9a2_75"
"2163","Q9a2_76"
"2164","Q9a2_77"
"2165","Q9a2_78"
"2166","Q9a2_79"
"2167","Q9a2_80"
"2168","Q9a2_81"
"2169","Q9a2_82"
"2170","Q9a2_83"
"2171","Q9a2_84"
"2172","Q9a2_85"
"2173","Q9a2_86"
"2174","Q9a2_87"
"2175","Q9a2_88"
"2176","Q9a2_89"
"2177","Q9a2_90"
"2178","Q9a2_91"
"2179","Q9a2_92"
"2180","Q9a2_93"
"2181","Q9a2_94"
"2182","Q9a2_95"
"2183","Q9a2_96"
"2184","Q9a2_97"
"2185","Q9a2_98"
"2186","Q9a2_99"
"2187","Q9a2_100"
"2188","Q9a2_101"
"2189","Q9a2_102"
"2190","Q9a2_103"
"2191","Q9a2_104"
"2192","Q9a2_105"
"2193","Q9a2_106"
"2194","Q9a2_107"
"2195","Q9a2_108"
"2196","Q9a2_109"
"2197","Q9a2_110"
"2198","Q9a2_111"
"2199","Q9a2_112"
"2200","Q9a2_113"
"2201","Q9a2_114"
"2202","Q9a2_115"
"2203","Q9a2_116"
"2204","Q9a2_117"
"2205","Q9a2_118"
"2206","Q9a2_119"
"2207","Q9a2_120"
"2208","Q9a2_121"
"2209","Q9a2_122"
"2210","Q9a2_123"
"2211","Q9a2_124"
"2212","Q9a2_125"
"2213","Q9a2_126"
"2214","Q9a2_127"
"2215","Q9a2_128"
"2216","Q9a2_129"
"2217","Q9a2_130"
"2218","Q9a2_131"
"2219","Q9a2_132"
"2220","Q9a2_133"
"2221","Q9a2_134"
"2222","Q9a2_135"
"2223","Q9a2_136"
"2224","Q9a2_137"
"2225","Q9a2_138"
"2226","Q9a2_139"
"2227","Q9a2_140"
"2228","Q9a2_141"
"2229","Q9a2_142"
"2230","Q9a2_143"
"2231","Q9a2_144"
"2232","Q9a2_145"
"2233","Q9a2_146"
"2234","Q9a2_147"
"2235","Q9a2_148"
"2236","Q9a2_149"
"2237","Q9a2_150"
"2238","Q9a2_151"
"2239","Q9a2_152"
"2240","Q9a2_153"
"2241","Q9a2_154"
"2242","Q9a2_155"
"2243","Q9a2_156"
"2244","Q9a2_157"
"2245","Q9a2_158"
"2246","Q9a2_159"
"2247","Q9a2_160"
"2248","Q9a2_161"
"2249","Q9a2_162"
"2250","Q9a2_163"
"2251","Q9a2_164"
"2252","Q9a2_165"
"2253","Q9a2_166"
"2254","Q9a2_167"
"2255","Q9a2_168"
"2256","Q9a2_169"
"2257","Q9a2_170"
"2258","Q9a2_171"
"2259","Q9a2_172"
"2260","Q9a2_173"
"2261","Q9a2_174"
"2262","Q9a2_175"
"2263","Q9a2_176"
"2264","Q9a2_177"
"2265","Q9a2_178"
"2266","Q9a2_179"
"2267","Q9a2_180"
"2268","Q9a2_181"
"2269","Q9a2_182"
"2270","Q9a2_183"
"2271","Q9a2_184"
"2272","Q9a2_185"
"2273","Q9a2_186"
"2274","Q9a2_187"
"2275","Q9a2_188"
"2276","Q9a2_189"
"2277","Q9a2_190"
"2278","Q9a2_191"
"2279","Q9a2_192"
"2280","Q9a2_193"
"2281","Q9a2_194"
"2282","Q9a2_195"
"2283","Q9a2_196"
"2284","Q9a2_197"
"2285","Q9a2_198"
"2286","Q9a2_199"
"2287","Q9a2_200"
"2288","Q9a2_201"
"2289","Q9a2_202"
"2290","Q9a2_203"
"2291","Q9a2_204"
"2292","Q9a2_205"
"2293","Q9a2_206"
"2294","Q9a2_207"
"2295","Q9a2_208"
"2296","Q9a2_209"
"2297","Q9a2_210"
"2298","Q9a2_211"
"2299","Q9a2_212"
"2300","Q9a2_213"
"2301","Q9a2_214"
"2302","Q9a2_215"
"2303","Q9a2_216"
"2304","Q9a2_217"
"2305","Q9a2_218"
"2306","Q9a2_219"
"2307","Q9a2_220"
"2308","Q9a2_221"
"2309","Q9a2_222"
"2310","Q9a2_223"
"2311","Q9a2_224"
"2312","Q9a2_225"
"2313","Q9a2_226"
"2314","Q9a2_227"
"2315","Q9a2_228"
"2316","Q9a2_229"
"2317","Q9a2_230"
"2318","Q9a2_231"
"2319","Q9a2_232"
"2320","Q9a2_233"
"2321","Q9a2_234"
"2322","Q9a2_235"
"2323","Q9a2_236"
"2324","Q9a2_237"
"2325","Q9a2_238"
"2326","Q9a2_239"
"2327","Q9a2_240"
"2328","Q9b2_1"
"2329","Q9b2_2"
"2330","Q9b2_3"
"2331","Q9b2_4"
"2332","Q9b2_5"
"2333","Q9b2_6"
"2334","Q9b2_7"
"2335","Q9b2_8"
"2336","Q9b2_9"
"2337","Q9b2_10"
"2338","Q9b2_11"
"2339","Q9b2_12"
"2340","Q9b2_13"
"2341","Q9b2_14"
"2342","Q9b2_15"
"2343","Q9b2_16"
"2344","Q9b2_17"
"2345","Q9b2_18"
"2346","Q9b2_19"
"2347","Q9b2_20"
"2348","Q9b2_21"
"2349","Q9b2_22"
"2350","Q9b2_23"
"2351","Q9b2_24"
"2352","Q9b2_25"
"2353","Q9b2_26"
"2354","Q9b2_27"
"2355","Q9b2_28"
"2356","Q9b2_29"
"2357","Q9b2_30"
"2358","Q9b2_31"
"2359","Q9b2_32"
"2360","Q9b2_33"
"2361","Q9b2_34"
"2362","Q9b2_35"
"2363","Q9b2_36"
"2364","Q9b2_37"
"2365","Q9b2_38"
"2366","Q9b2_39"
"2367","Q9b2_40"
"2368","Q9b2_41"
"2369","Q9b2_42"
"2370","Q9b2_43"
"2371","Q9b2_44"
"2372","Q9b2_45"
"2373","Q9b2_46"
"2374","Q9b2_47"
"2375","Q9b2_48"
"2376","Q9b2_49"
"2377","Q9b2_50"
"2378","Q9b2_51"
"2379","Q9b2_52"
"2380","Q9b2_53"
"2381","Q9b2_54"
"2382","Q9b2_55"
"2383","Q9b2_56"
"2384","Q9b2_57"
"2385","Q9b2_58"
"2386","Q9b2_59"
"2387","Q9b2_60"
"2388","Q9b2_61"
"2389","Q9b2_62"
"2390","Q9b2_63"
"2391","Q9b2_64"
"2392","Q9b2_65"
"2393","Q9b2_66"
"2394","Q9b2_67"
"2395","Q9b2_68"
"2396","Q9b2_69"
"2397","Q9b2_70"
"2398","Q9b2_71"
"2399","Q9b2_72"
"2400","Q9b2_73"
"2401","Q9b2_74"
"2402","Q9b2_75"
"2403","Q9b2_76"
"2404","Q9b2_77"
"2405","Q9b2_78"
"2406","Q9b2_79"
"2407","Q9b2_80"
"2408","Q9b2_81"
"2409","Q9b2_82"
"2410","Q9b2_83"
"2411","Q9b2_84"
"2412","Q9b2_85"
"2413","Q9b2_86"
"2414","Q9b2_87"
"2415","Q9b2_88"
"2416","Q9b2_89"
"2417","Q9b2_90"
"2418","Q9b2_91"
"2419","Q9b2_92"
"2420","Q9b2_93"
"2421","Q9b2_94"
"2422","Q9b2_95"
"2423","Q9b2_96"
"2424","Q9b2_97"
"2425","Q9b2_98"
"2426","Q9b2_99"
"2427","Q9b2_100"
"2428","Q9b2_101"
"2429","Q9b2_102"
"2430","Q9b2_103"
"2431","Q9b2_104"
"2432","Q9b2_105"
"2433","Q9b2_106"
"2434","Q9b2_107"
"2435","Q9b2_108"
"2436","Q9b2_109"
"2437","Q9b2_110"
"2438","Q9b2_111"
"2439","Q9b2_112"
"2440","Q9b2_113"
"2441","Q9b2_114"
"2442","Q9b2_115"
"2443","Q9b2_116"
"2444","Q9b2_117"
"2445","Q9b2_118"
"2446","Q9b2_119"
"2447","Q9b2_120"
"2448","Q9b2_121"
"2449","Q9b2_122"
"2450","Q9b2_123"
"2451","Q9b2_124"
"2452","Q9b2_125"
"2453","Q9b2_126"
"2454","Q9b2_127"
"2455","Q9b2_128"
"2456","Q9b2_129"
"2457","Q9b2_130"
"2458","Q9b2_131"
"2459","Q9b2_132"
"2460","Q9b2_133"
"2461","Q9b2_134"
"2462","Q9b2_135"
"2463","Q9b2_136"
"2464","Q9b2_137"
"2465","Q9b2_138"
"2466","Q9b2_139"
"2467","Q9b2_140"
"2468","Q9b2_141"
"2469","Q9b2_142"
"2470","Q9b2_143"
"2471","Q9b2_144"
"2472","Q9b2_145"
"2473","Q9b2_146"
"2474","Q9b2_147"
"2475","Q9b2_148"
"2476","Q9b2_149"
"2477","Q9b2_150"
"2478","Q9b2_151"
"2479","Q9b2_152"
"2480","Q9b2_153"
"2481","Q9b2_154"
"2482","Q9b2_155"
"2483","Q9b2_156"
"2484","Q9b2_157"
"2485","Q9b2_158"
"2486","Q9b2_159"
"2487","Q9b2_160"
"2488","Q9b2_161"
"2489","Q9b2_162"
"2490","Q9b2_163"
"2491","Q9b2_164"
"2492","Q9b2_165"
"2493","Q9b2_166"
"2494","Q9b2_167"
"2495","Q9b2_168"
"2496","Q9b2_169"
"2497","Q9b2_170"
"2498","Q9b2_171"
"2499","Q9b2_172"
"2500","Q9b2_173"
"2501","Q9b2_174"
"2502","Q9b2_175"
"2503","Q9b2_176"
"2504","Q9b2_177"
"2505","Q9b2_178"
"2506","Q9b2_179"
"2507","Q9b2_180"
"2508","Q9b2_181"
"2509","Q9b2_182"
"2510","Q9b2_183"
"2511","Q9b2_184"
"2512","Q9b2_185"
"2513","Q9b2_186"
"2514","Q9b2_187"
"2515","Q9b2_188"
"2516","Q9b2_189"
"2517","Q9b2_190"
"2518","Q9b2_191"
"2519","Q9b2_192"
"2520","Q9b2_193"
"2521","Q9b2_194"
"2522","Q9b2_195"
"2523","Q9b2_196"
"2524","Q9b2_197"
"2525","Q9b2_198"
"2526","Q9b2_199"
"2527","Q9b2_200"
"2528","Q9b2_201"
"2529","Q9b2_202"
"2530","Q9b2_203"
"2531","Q9b2_204"
"2532","Q9b2_205"
"2533","Q9b2_206"
"2534","Q9b2_207"
"2535","Q9b2_208"
"2536","Q9b2_209"
"2537","Q9b2_210"
"2538","Q9b2_211"
"2539","Q9b2_212"
"2540","Q9b2_213"
"2541","Q9b2_214"
"2542","Q9b2_215"
"2543","Q9b2_216"
"2544","Q9b2_217"
"2545","Q9b2_218"
"2546","Q9b2_219"
"2547","Q9b2_220"
"2548","Q9b2_221"
"2549","Q9b2_222"
"2550","Q9b2_223"
"2551","Q9b2_224"
"2552","Q9b2_225"
"2553","Q9b2_226"
"2554","Q9b2_227"
"2555","Q9b2_228"
"2556","Q9b2_229"
"2557","Q9b2_230"
"2558","filter_."
